filename,label,gesture,mode,path
fist_1.jpg,fist,Fist,1,dataset\fist\fist_1.jpg
fist_10.jpg,fist,Fist,1,dataset\fist\fist_10.jpg
fist_11.jpg,fist,Fist,1,dataset\fist\fist_11.jpg
fist_12.jpg,fist,Fist,1,dataset\fist\fist_12.jpg
fist_13.jpg,fist,Fist,1,dataset\fist\fist_13.jpg
fist_14.jpg,fist,Fist,1,dataset\fist\fist_14.jpg
fist_15.jpg,fist,Fist,1,dataset\fist\fist_15.jpg
fist_16.jpg,fist,Fist,1,dataset\fist\fist_16.jpg
fist_17.jpg,fist,Fist,1,dataset\fist\fist_17.jpg
fist_18.jpg,fist,Fist,1,dataset\fist\fist_18.jpg
fist_19.jpg,fist,Fist,1,dataset\fist\fist_19.jpg
fist_2.jpg,fist,Fist,1,dataset\fist\fist_2.jpg
fist_20.jpg,fist,Fist,1,dataset\fist\fist_20.jpg
fist_21.jpg,fist,Fist,1,dataset\fist\fist_21.jpg
fist_22.jpg,fist,Fist,1,dataset\fist\fist_22.jpg
fist_23.jpg,fist,Fist,1,dataset\fist\fist_23.jpg
fist_24.jpg,fist,Fist,1,dataset\fist\fist_24.jpg
fist_25.jpg,fist,Fist,1,dataset\fist\fist_25.jpg
fist_26.jpg,fist,Fist,1,dataset\fist\fist_26.jpg
fist_27.jpg,fist,Fist,1,dataset\fist\fist_27.jpg
fist_28.jpg,fist,Fist,1,dataset\fist\fist_28.jpg
fist_29.jpg,fist,Fist,1,dataset\fist\fist_29.jpg
fist_3.jpg,fist,Fist,1,dataset\fist\fist_3.jpg
fist_30.jpg,fist,Fist,1,dataset\fist\fist_30.jpg
fist_31.jpg,fist,Fist,1,dataset\fist\fist_31.jpg
fist_32.jpg,fist,Fist,1,dataset\fist\fist_32.jpg
fist_33.jpg,fist,Fist,1,dataset\fist\fist_33.jpg
fist_34.jpg,fist,Fist,1,dataset\fist\fist_34.jpg
fist_35.jpg,fist,Fist,1,dataset\fist\fist_35.jpg
fist_36.jpg,fist,Fist,1,dataset\fist\fist_36.jpg
fist_37.jpg,fist,Fist,1,dataset\fist\fist_37.jpg
fist_38.jpg,fist,Fist,1,dataset\fist\fist_38.jpg
fist_39.jpg,fist,Fist,1,dataset\fist\fist_39.jpg
fist_4.jpg,fist,Fist,1,dataset\fist\fist_4.jpg
fist_40.jpg,fist,Fist,1,dataset\fist\fist_40.jpg
fist_41.jpg,fist,Fist,1,dataset\fist\fist_41.jpg
fist_42.jpg,fist,Fist,1,dataset\fist\fist_42.jpg
fist_43.jpg,fist,Fist,1,dataset\fist\fist_43.jpg
fist_44.jpg,fist,Fist,1,dataset\fist\fist_44.jpg
fist_45.jpg,fist,Fist,1,dataset\fist\fist_45.jpg
fist_46.jpg,fist,Fist,1,dataset\fist\fist_46.jpg
fist_47.jpg,fist,Fist,1,dataset\fist\fist_47.jpg
fist_48.jpg,fist,Fist,1,dataset\fist\fist_48.jpg
fist_49.jpg,fist,Fist,1,dataset\fist\fist_49.jpg
fist_5.jpg,fist,Fist,1,dataset\fist\fist_5.jpg
fist_50.jpg,fist,Fist,1,dataset\fist\fist_50.jpg
fist_6.jpg,fist,Fist,1,dataset\fist\fist_6.jpg
fist_7.jpg,fist,Fist,1,dataset\fist\fist_7.jpg
fist_8.jpg,fist,Fist,1,dataset\fist\fist_8.jpg
fist_9.jpg,fist,Fist,1,dataset\fist\fist_9.jpg
palm_1.jpg,palm,Palm,2,dataset\palm\palm_1.jpg
palm_10.jpg,palm,Palm,2,dataset\palm\palm_10.jpg
palm_11.jpg,palm,Palm,2,dataset\palm\palm_11.jpg
palm_12.jpg,palm,Palm,2,dataset\palm\palm_12.jpg
palm_13.jpg,palm,Palm,2,dataset\palm\palm_13.jpg
palm_14.jpg,palm,Palm,2,dataset\palm\palm_14.jpg
palm_15.jpg,palm,Palm,2,dataset\palm\palm_15.jpg
palm_16.jpg,palm,Palm,2,dataset\palm\palm_16.jpg
palm_17.jpg,palm,Palm,2,dataset\palm\palm_17.jpg
palm_18.jpg,palm,Palm,2,dataset\palm\palm_18.jpg
palm_19.jpg,palm,Palm,2,dataset\palm\palm_19.jpg
palm_2.jpg,palm,Palm,2,dataset\palm\palm_2.jpg
palm_20.jpg,palm,Palm,2,dataset\palm\palm_20.jpg
palm_21.jpg,palm,Palm,2,dataset\palm\palm_21.jpg
palm_22.jpg,palm,Palm,2,dataset\palm\palm_22.jpg
palm_23.jpg,palm,Palm,2,dataset\palm\palm_23.jpg
palm_24.jpg,palm,Palm,2,dataset\palm\palm_24.jpg
palm_25.jpg,palm,Palm,2,dataset\palm\palm_25.jpg
palm_26.jpg,palm,Palm,2,dataset\palm\palm_26.jpg
palm_27.jpg,palm,Palm,2,dataset\palm\palm_27.jpg
palm_28.jpg,palm,Palm,2,dataset\palm\palm_28.jpg
palm_29.jpg,palm,Palm,2,dataset\palm\palm_29.jpg
palm_3.jpg,palm,Palm,2,dataset\palm\palm_3.jpg
palm_30.jpg,palm,Palm,2,dataset\palm\palm_30.jpg
palm_31.jpg,palm,Palm,2,dataset\palm\palm_31.jpg
palm_32.jpg,palm,Palm,2,dataset\palm\palm_32.jpg
palm_33.jpg,palm,Palm,2,dataset\palm\palm_33.jpg
palm_34.jpg,palm,Palm,2,dataset\palm\palm_34.jpg
palm_35.jpg,palm,Palm,2,dataset\palm\palm_35.jpg
palm_36.jpg,palm,Palm,2,dataset\palm\palm_36.jpg
palm_37.jpg,palm,Palm,2,dataset\palm\palm_37.jpg
palm_38.jpg,palm,Palm,2,dataset\palm\palm_38.jpg
palm_39.jpg,palm,Palm,2,dataset\palm\palm_39.jpg
palm_4.jpg,palm,Palm,2,dataset\palm\palm_4.jpg
palm_40.jpg,palm,Palm,2,dataset\palm\palm_40.jpg
palm_41.jpg,palm,Palm,2,dataset\palm\palm_41.jpg
palm_42.jpg,palm,Palm,2,dataset\palm\palm_42.jpg
palm_43.jpg,palm,Palm,2,dataset\palm\palm_43.jpg
palm_44.jpg,palm,Palm,2,dataset\palm\palm_44.jpg
palm_45.jpg,palm,Palm,2,dataset\palm\palm_45.jpg
palm_46.jpg,palm,Palm,2,dataset\palm\palm_46.jpg
palm_47.jpg,palm,Palm,2,dataset\palm\palm_47.jpg
palm_48.jpg,palm,Palm,2,dataset\palm\palm_48.jpg
palm_49.jpg,palm,Palm,2,dataset\palm\palm_49.jpg
palm_5.jpg,palm,Palm,2,dataset\palm\palm_5.jpg
palm_50.jpg,palm,Palm,2,dataset\palm\palm_50.jpg
palm_6.jpg,palm,Palm,2,dataset\palm\palm_6.jpg
palm_7.jpg,palm,Palm,2,dataset\palm\palm_7.jpg
palm_8.jpg,palm,Palm,2,dataset\palm\palm_8.jpg
palm_9.jpg,palm,Palm,2,dataset\palm\palm_9.jpg
victory_1.jpg,victory,Victory,3,dataset\victory\victory_1.jpg
victory_10.jpg,victory,Victory,3,dataset\victory\victory_10.jpg
victory_11.jpg,victory,Victory,3,dataset\victory\victory_11.jpg
victory_12.jpg,victory,Victory,3,dataset\victory\victory_12.jpg
victory_13.jpg,victory,Victory,3,dataset\victory\victory_13.jpg
victory_14.jpg,victory,Victory,3,dataset\victory\victory_14.jpg
victory_15.jpg,victory,Victory,3,dataset\victory\victory_15.jpg
victory_16.jpg,victory,Victory,3,dataset\victory\victory_16.jpg
victory_17.jpg,victory,Victory,3,dataset\victory\victory_17.jpg
victory_18.jpg,victory,Victory,3,dataset\victory\victory_18.jpg
victory_19.jpg,victory,Victory,3,dataset\victory\victory_19.jpg
victory_2.jpg,victory,Victory,3,dataset\victory\victory_2.jpg
victory_20.jpg,victory,Victory,3,dataset\victory\victory_20.jpg
victory_21.jpg,victory,Victory,3,dataset\victory\victory_21.jpg
victory_22.jpg,victory,Victory,3,dataset\victory\victory_22.jpg
victory_23.jpg,victory,Victory,3,dataset\victory\victory_23.jpg
victory_24.jpg,victory,Victory,3,dataset\victory\victory_24.jpg
victory_25.jpg,victory,Victory,3,dataset\victory\victory_25.jpg
victory_26.jpg,victory,Victory,3,dataset\victory\victory_26.jpg
victory_27.jpg,victory,Victory,3,dataset\victory\victory_27.jpg
victory_28.jpg,victory,Victory,3,dataset\victory\victory_28.jpg
victory_29.jpg,victory,Victory,3,dataset\victory\victory_29.jpg
victory_3.jpg,victory,Victory,3,dataset\victory\victory_3.jpg
victory_30.jpg,victory,Victory,3,dataset\victory\victory_30.jpg
victory_31.jpg,victory,Victory,3,dataset\victory\victory_31.jpg
victory_32.jpg,victory,Victory,3,dataset\victory\victory_32.jpg
victory_33.jpg,victory,Victory,3,dataset\victory\victory_33.jpg
victory_34.jpg,victory,Victory,3,dataset\victory\victory_34.jpg
victory_35.jpg,victory,Victory,3,dataset\victory\victory_35.jpg
victory_36.jpg,victory,Victory,3,dataset\victory\victory_36.jpg
victory_37.jpg,victory,Victory,3,dataset\victory\victory_37.jpg
victory_38.jpg,victory,Victory,3,dataset\victory\victory_38.jpg
victory_39.jpg,victory,Victory,3,dataset\victory\victory_39.jpg
victory_4.jpg,victory,Victory,3,dataset\victory\victory_4.jpg
victory_40.jpg,victory,Victory,3,dataset\victory\victory_40.jpg
victory_41.jpg,victory,Victory,3,dataset\victory\victory_41.jpg
victory_42.jpg,victory,Victory,3,dataset\victory\victory_42.jpg
victory_43.jpg,victory,Victory,3,dataset\victory\victory_43.jpg
victory_44.jpg,victory,Victory,3,dataset\victory\victory_44.jpg
victory_45.jpg,victory,Victory,3,dataset\victory\victory_45.jpg
victory_46.jpg,victory,Victory,3,dataset\victory\victory_46.jpg
victory_47.jpg,victory,Victory,3,dataset\victory\victory_47.jpg
victory_48.jpg,victory,Victory,3,dataset\victory\victory_48.jpg
victory_49.jpg,victory,Victory,3,dataset\victory\victory_49.jpg
victory_5.jpg,victory,Victory,3,dataset\victory\victory_5.jpg
victory_50.jpg,victory,Victory,3,dataset\victory\victory_50.jpg
victory_6.jpg,victory,Victory,3,dataset\victory\victory_6.jpg
victory_7.jpg,victory,Victory,3,dataset\victory\victory_7.jpg
victory_8.jpg,victory,Victory,3,dataset\victory\victory_8.jpg
victory_9.jpg,victory,Victory,3,dataset\victory\victory_9.jpg
